user_id,email,password,handle
1,jgillespie0@narod.ru,mR6##L{L}_7t,ggarlic0
2,eschiersch1@mashable.com,gR2}r9g01Jd$Qv,myanshonok1
3,vferriday2@xing.com,"eL0""yvUf46d|a",edixie2
4,skingsman3@google.it,wS0+aa/w?R5,averbrugge3
5,fshiers4@smh.com.au,tP6'nNglW}OT,aayer4
6,jhugonin5@cocolog-nifty.com,"rM3""TrG7Q{",cdominick5
7,bcassam6@pen.io,tQ3<_X~dt=,gcheer6
8,jsprowell7@ed.gov,eZ6$Bsd}2'O,sroycroft7
9,amcclaren8@sourceforge.net,yO6@BTx=y~rQ*5v},rgyer8
10,yswithenby9@about.com,sM0_ix)_g,tdumke9
11,dberkowitza@t-online.de,iX8<4QlQjP,mscorrera
12,tmillikenb@kickstarter.com,"sH0>Iu!'#307H,WF",grochfordb
13,bpapaccioc@sitemeter.com,pV7/e@Am_Sf$,abecketc
14,asheachd@narod.ru,qJ1.STzMJ/,ngordond
15,rgillisee@google.com.au,uM9\{M_4,bgwatkine
16,bhallwoodf@fema.gov,aP3_5%jUsCB8R,mknucklesf
17,hweetchg@ca.gov,"jY2'4=6P,L",jdanzigg
18,dgrundeyh@about.me,aG7>Xr7<BcchQRvN,odowsonh
19,nfisbyi@microsoft.com,tI3=Mkc8(z4,ecampaignei
20,lbanbrickj@hugedomains.com,qE2<V(om,jlardnerj
21,cspridgeonk@ft.com,rF7)TCz/(,rflinnk
22,scushellyl@etsy.com,"sP3=%.7""<,<@`&Au",slodfordl
23,wmarstersm@rakuten.co.jp,eT3$2U|b%b7,alecontem
24,jlympenien@noaa.gov,bW9)OWdIHBnTh4,mshirlawn
25,belwillo@apple.com,"uN0""5#vN~",eroothamo
26,sdobbyp@sciencedaily.com,dP3}p.L48tzK,kyakobovitzp
27,mfissendenq@dell.com,"lO5,TBleuxDNOH",bwilliscroftq
28,ewrenchr@squidoo.com,uT0~*+=%M`2ZE8,lchetwyndr
29,jayriss@goo.ne.jp,"uN8?H+,iBFj",mvidgeons
30,ntathert@chronoengine.com,"kQ8""H7c5A/#a",lstudholmet
31,nlabbu@imdb.com,"qK4""ZLeKQE#.",jbirrelu
32,ajubbv@google.ca,bW4#w7(E,hwychardv
33,cbodocsw@blogtalkradio.com,rO5)b0QW\q,hcumeskyw
34,jfeaversx@alibaba.com,hK0%EQ/=,mmaccurtainx
35,eceeleyy@sciencedaily.com,vP7(RT/35+@WyPkR,acourtmany
36,ndudgeonz@blog.com,sH4|X@8Q!iyk,pbeebeez
37,kharborow10@baidu.com,"bM6(X1y"">}u|5",vwakeham10
38,jscholer11@google.com.hk,"hP1""n)#,T",wbarstow11
39,lrookeby12@lycos.com,xL1/ydnKqR,sbrigham12
40,bpodd13@google.fr,tS3>lU%~0Cyw,alebang13
41,kdepietri14@github.io,nO3?CeE{(9,ecronk14
42,prookesby15@weebly.com,sN9\U7N8,ryitzhakof15
43,bblanshard16@pen.io,oS5!><jV(!<&/3,eworlock16
44,lteaser17@slideshare.net,kZ2)fozVcL,twolfers17
45,fdegliantoni18@nih.gov,iV9'nHKAQ,rruler18
46,edaines19@reverbnation.com,gX0!cKH/R|M_}$?V,cdoche19
47,roakenfield1a@paginegialle.it,xM4<%>PV<Llz,rsharplin1a
48,bgeist1b@ox.ac.uk,aG5$'n4&ovmpd,acomfort1b
49,mcode1c@opensource.org,oZ0/KQ3Sh1X0`*|b,gtemblett1c
50,joxbrow1d@photobucket.com,"oC7,e?6iG$p%",fborrington1d
51,kmathe1e@twitpic.com,"hG5!J4jHL""=,vV",bsmythin1e
52,lfranek1f@hexun.com,gL3/lIDL&!,vhenaughan1f
53,dyaldren1g@webs.com,tF7}}NyP0)h_J),jgellert1g
54,kpostill1h@samsung.com,"jQ8_Rv|+""M",awynne1h
55,rhinrichs1i@miibeian.gov.cn,"zV5}`V?E<""Sm'o~",rreynard1i
56,ydrogan1j@walmart.com,lH1\g0?jET,kkett1j
57,atight1k@scribd.com,bW9.CsdQ,jdrohane1k
58,dmollin1l@reuters.com,wG6~V!_tQ,gbalasini1l
59,plemmen1m@ucsd.edu,oM1.&o4o+{&y,hmcmurty1m
60,jshoebotham1n@usnews.com,yH6_R'd8QS__,amottershaw1n
61,rjulien1o@flavors.me,mH1.rIk}f~xU1I,cburnhams1o
62,lbirrel1p@rambler.ru,eE3<k{#fK3,preedick1p
63,bderoeck1q@uiuc.edu,"vB8<_7""F<",jshenton1q
64,cfranzen1r@fema.gov,rB4`A~{9C0s~6TI,dgreedyer1r
65,kedgworth1s@phoca.cz,iZ3|$iOG,econnors1s
66,aelsmere1t@tinyurl.com,eW9'uXhYU6yGZ,hganing1t
67,lmacdaid1u@japanpost.jp,gN7%FlATC{@5}zX,ivagg1u
68,mthompkins1v@chronoengine.com,oK2|'ly)Nb1Cw,tbandt1v
69,lvanniekerk1w@t.co,aZ4&>+z<,rohartagan1w
70,ideetlefs1x@omniture.com,tM7&|Sg5.\,bscamerdine1x
71,dreinmar1y@twitpic.com,oH3(cRp<jHR%jr,jtapsfield1y
72,vstaten1z@dailymail.co.uk,"gQ0_A""hS0=",hkellaway1z
73,gmacshirrie20@moonfruit.com,xS9{29`%n,hmalinowski20
74,acoll21@behance.net,qM2*7Q@r,gcheney21
75,srecher22@networkadvertising.org,zX5~!qLoXSv?RGx,drysdale22
76,amoyser23@twitter.com,lW8<$#p5Ig8DuP,teastby23
77,roxbie24@noaa.gov,dK8\u)iF4X9b_J9P,memmitt24
78,clawful25@harvard.edu,oL3|jv7V&G`@cT1s,wflack25
79,mhedman26@latimes.com,oO5+n1uPuU=r,jschrieves26
80,smccroft27@ucsd.edu,wQ0/O`R&fmj'Bu6w,mdonan27
81,rdorsey28@squarespace.com,gX8!O\_~P&'u4),agreeves28
82,bmariot29@toplist.cz,oY5<PvF<Jk&F{+,asteptoe29
83,rsherratt2a@friendfeed.com,oT0+.eldNi._b,aoflynn2a
84,mgillingwater2b@drupal.org,zO8<IB`zBj2,lfenning2b
85,dmoneti2c@chron.com,iW4~8#8TH,agosson2c
86,swardale2d@amazon.co.jp,qY6~ZUdQ\,dfraschetti2d
87,awileman2e@seattletimes.com,hX3}jMbZv`=}uG<%,mobell2e
88,jpurdie2f@dedecms.com,wD5>rKWmU>MA`Li,tburnyate2f
89,bbatalle2g@virginia.edu,"hC6&""zkJ",lgurden2g
90,ssidey2h@wordpress.com,lF1@P}pzh.T$lCY,ebunston2h
91,rsparwell2i@smugmug.com,wY4!{MoG*,rmiquelet2i
92,qpattinson2j@msu.edu,yX9\<1LT,srailton2j
93,lgorling2k@google.com.au,fP2}RIUqAdf0IH5>,ccoulsen2k
94,rwhatson2l@dmoz.org,uV5/__m5_,borrom2l
95,dbucktharp2m@google.ru,"aQ5""s=Id2)<OO",nchristian2m
96,mlatey2n@tiny.cc,qL1~'J6Iz(Avb)aQ,cbrereton2n
97,edochon2o@theglobeandmail.com,qQ1*yC%zLmSd,adezamora2o
98,ebyrd2p@ovh.net,"oE9&GG""`",kgiberd2p
99,cjuleff2q@noaa.gov,xY7&>.ag,jvinker2q
100,fkorneichuk2r@cnet.com,vJ5=SKh{zmmj,celston2r
101,msurridge2s@geocities.com,"nJ1*#n""Qm=c9lfm~",cpudsall2s
102,qzannuto2t@dailymotion.com,rO3#y5qwZrQ%gD,cvansalzberger2t
103,rlandsbury2u@youtube.com,eE1=E_kz,fcolwell2u
104,nkernoghan2v@mail.ru,oA8~'z'#L6H(|$z2,vwhiteway2v
105,eplampin2w@eepurl.com,yM5}|/j2euz,wdelamaine2w
106,cyurlov2x@imageshack.us,mR6#A7LN,bmackerness2x
107,jmatzkaitis2y@google.de,pL0<&d1A,emanginot2y
108,rcombes2z@archive.org,tS2_l8zT_$g/,dkinghorne2z
109,nminghella30@domainmarket.com,"uE6+5J$5Q""(x",cbrunstan30
110,wsnarr31@miitbeian.gov.cn,iI5%jlokNdst0,ehuitson31
111,fmulbery32@shinystat.com,iS0<MjxqC7F75Br,gklassman32
112,dmcmechan33@bandcamp.com,uR4<4eta6kbQlj3,sgreedyer33
113,hlaffoleylane34@java.com,kL6(r%=f,spybworth34
114,rbrimicombe35@instagram.com,sW9\h&THp,hgibbonson35
115,lgaskoin36@census.gov,aL4=p?Lnv'(Xn9X?,egarshore36
116,mlever37@ehow.com,oE8<H\<7Ci+xU,ahaskins37
117,gtattersdill38@tmall.com,gF7_@'yzS,dtrewman38
118,cmalloy39@rediff.com,jA8|q(`me),keyre39
119,mselcraig3a@disqus.com,tG4?s78.*w,epech3a
120,jbeadon3b@utexas.edu,tL2?du<d#ic\,lgibbard3b
121,vkattenhorn3c@wired.com,hK2\V>tB32?~,ccorden3c
122,odene3d@ask.com,rO3@J$~x3sMb~~,krogez3d
123,ekurtis3e@apache.org,"oT8}AE""j(!tWP0l",tscragg3e
124,awebben3f@nifty.com,iV6*_inxN8K|9_,qert3f
125,fshears3g@nsw.gov.au,uN9%k2*ewO%<Hm,sallwood3g
126,nonowlan3h@alibaba.com,jY6=kwl>'_e53,ccarme3h
127,wtumioto3i@wp.com,"bH1,={3P_",tashwell3i
128,wshillington3j@princeton.edu,"nF3,SG,#u$_l""L7L",cduignan3j
129,ldoudny3k@facebook.com,yD3)oZY~RZ,dlampard3k
130,mdifrancesco3l@examiner.com,"sE3,vk#Ud)xu\",mhargie3l
131,vcarryer3m@hatena.ne.jp,wY6<wk!}i,ngovett3m
132,dsykora3n@theatlantic.com,eM1=J|cc,nkervin3n
133,flithgow3o@un.org,"mA0|xCP,(",ktwine3o
134,aflye3p@abc.net.au,"tZ1""ul5Lg0e",ogallaccio3p
135,vcullingford3q@bandcamp.com,qO4+@x`Z3HV9wJ,cmacak3q
136,tszwandt3r@independent.co.uk,vP4~Jo}s,scristofolo3r
137,lmulvihill3s@ebay.co.uk,"mY6(I~0(?'`,V%.",ccallander3s
138,jchaudron3t@blogs.com,vQ6'}r?F0D,awormell3t
139,nnarey3u@ycombinator.com,hE3?HfdP/,tsemrad3u
140,dgilkison3v@sourceforge.net,"aY3%>{<|P7w$,deq",tstirton3v
141,ffrankom3w@slate.com,"wW9*G#,z}=",hpietruszka3w
142,ktuckey3x@va.gov,yM8?|lX18$r.Aek,cdibaudi3x
143,pbarby3y@bravesites.com,dX6*!y`MeCxIR9c,fkneeshaw3y
144,bfigin3z@xing.com,nJ9+7Gi\aaX9Qw,wburhouse3z
145,echerry40@hhs.gov,dB9/_z9mr=g`WamE,agilkison40
146,jdunstan41@ed.gov,"rG4,v5HBzn8veUei",cmum41
147,evogt42@odnoklassniki.ru,"mZ6>%wU~#}TH6,Rd",hbowering42
148,ceasterby43@hibu.com,wF2)Ty`5$ov,miacovaccio43
149,kwitherop44@theatlantic.com,yM0(J+wdn!={cQB,mthornhill44
150,dfeast45@thetimes.co.uk,kN8!Kh=Z,mstivens45
151,cwooding46@merriam-webster.com,lU0|$}K_7NU@Fb\z,csee46
152,jsussems47@webnode.com,iV8>k%$'9,rleyband47
153,pgilbanks48@prlog.org,"eP4>Ld@gMQct7""L?",erenyard48
154,seast49@microsoft.com,mL0|Q9cPMfaD,dsinkins49
155,lohalleghane4a@japanpost.jp,yO0#FGP4(j7,hsalomon4a
156,cmolen4b@businessinsider.com,gD0&D1WG,carcher4b
157,mosan4c@unblog.fr,wI0}UR{(j}tC,tzanini4c
158,tmorcomb4d@friendfeed.com,qV7+U`R/@8yLNXu,caylwin4d
159,twaggitt4e@godaddy.com,dC1)S15R)9=R=D,sbavridge4e
160,gsebley4f@mozilla.com,dZ3)uzQM03<G,zcattonnet4f
161,ngarlick4g@abc.net.au,uD9/42/Zd%$$olT,gmacteague4g
162,dhastin4h@wsj.com,aZ1{h>)tP!e=`fM,tgeistbeck4h
163,hbosket4i@reference.com,sN2`nIos\,gpietruszewicz4i
164,claneham4j@amazon.co.jp,rR0{?*CS!,dleynagh4j
165,mlazare4k@zimbio.com,lC3%~mX|F<#n.=?,kclackson4k
166,rmarioneau4l@ucoz.com,wO7`vC8f,ychugg4l
167,jspaduzza4m@webeden.co.uk,uY6%|I\0Q}\2,kmcaless4m
168,epolglase4n@yahoo.com,rI1@TzEc,bpanons4n
169,cstaniford4o@mit.edu,jJ9.e$bpZ7Ku,bhuett4o
170,lfrere4p@storify.com,rK3&HgCbi|,cthomelin4p
171,mpeckett4q@ycombinator.com,"rI7=%5YF""V8k,/",ctackett4q
172,aatterbury4r@ocn.ne.jp,lO2&V0Q8@o4G,bbowhay4r
173,afather4s@hubpages.com,uD6(Z&hG,bharlett4s
174,nflint4t@is.gd,xQ0.x}3d1.kK,kjanuaryst4t
175,aatwell4u@marriott.com,fY9(Qjpi7kU*,aesel4u
176,nwitty4v@tumblr.com,"qJ9,jct\g",jhatherall4v
177,jduffield4w@ezinearticles.com,vX0}5F5htL(,olockhurst4w
178,dfortye4x@naver.com,"tW0|D|3H,u2",gweber4x
179,rbenfield4y@earthlink.net,"zC8*B'{7,g.",sgowdridge4y
180,ncaston4z@microsoft.com,vD2/ohGEuv,rkadd4z
181,abydaway50@liveinternet.ru,"oM3$Uw,exr,LJe9",ebasill50
182,chubane51@berkeley.edu,"aX5.S"",s",kmccalister51
183,fwhittock52@technorati.com,tS1`B`O},bdoick52
184,pysson53@businessinsider.com,oK5@R.0BfF5vO,jmiddleditch53
185,gwalter54@hibu.com,oL6`+vNyi?Ls)e=,nrablen54
186,bmikalski55@surveymonkey.com,"lS9""`Jdnu1v/",skliemann55
187,dspybey56@nps.gov,"rA7+d{T>9&,",mpalliser56
188,abassilashvili57@4shared.com,cO5'YjOwwse63,rriddall57
189,hriba58@forbes.com,"nG2=@#""8}&_YnlUb",gpurdie58
190,odunrige59@com.com,oD9*{mbGM'm,abradden59
191,ltreker5a@vimeo.com,jA0&JFRl,ngaskill5a
192,mgillison5b@instagram.com,zT4@.!t'X,rchape5b
193,ldaveley5c@gizmodo.com,rK2}Q/z+2H?7a,pmckimmie5c
194,egrenkov5d@canalblog.com,"hS5|=jn""|f",jgrieve5d
195,bdelle5e@newsvine.com,nS7_x0q@rqVW{<,knettleship5e
196,jjinda5f@pbs.org,fF8#0vUu2m_c{,ghendriksen5f
197,bszachniewicz5g@slate.com,bM4`A{nDV,dshobrook5g
198,btowey5h@flavors.me,tR8|Fg&7gIGm,rstory5h
199,agronaver5i@google.com.hk,wL1&1yEjdg,mmathison5i
200,tchurching5j@fastcompany.com,mR4!BM(Uh{Wuq,etrythall5j
201,coffer5k@purevolume.com,"aE4|{J?t,i,6fr",acolloby5k
202,nspore5l@omniture.com,uT2/(\Uuiy,mmaraga5l
203,hchasney5m@de.vu,"wY7!4y""nnvi*)0>",tskipperbottom5m
204,aedelman5n@accuweather.com,"gN7!195%l2$,",rbulbrook5n
205,ldossett5o@nyu.edu,tK5+&m2)x,ssiddeley5o
206,hpearl5p@psu.edu,hN1_79I(Z,dlazell5p
207,hhanney5q@statcounter.com,eN7`moKxy,jmatschek5q
208,pwymer5r@bravesites.com,uZ6<&4\>UbwPzz/(,gclemencon5r
209,mcahan5s@abc.net.au,xL5$=*k#Q,afrie5s
210,csinclar5t@princeton.edu,hV4%8o<Mkj,ppinching5t
211,ggrubbe5u@nasa.gov,"aU3,RW(Mq~$I",jmcindoe5u
212,bmoorcraft5v@marketwatch.com,"aN1}N)1inyy,1{lx",wblackmore5v
213,epavelka5w@wikia.com,uI6/tqE==Ng8t8{A,dhynd5w
214,ahegg5x@ed.gov,cZ7?&qGBICnXt,ekirkup5x
215,bfernihough5y@washingtonpost.com,cH3'/ihv,cjobbins5y
216,kshillam5z@nature.com,uF0)00@.J.e_}@,bminillo5z
217,bmaccostigan60@mail.ru,vF4!%V}CFX1ov,scarcas60
218,prosewarne61@epa.gov,"mA6${\o&,",ssalters61
219,vbrandoni62@gizmodo.com,vB4~QWIEFA>PY!,hestabrook62
220,tgall63@fc2.com,mU9}a5%?G1,scory63
221,ponn64@cargocollective.com,fL3}YilpI@8'OS,agiorio64
222,kcubbit65@people.com.cn,eD2({~6%,kogriffin65
223,rflancinbaum66@time.com,yC9`nkQ7+F5Yf,qwormstone66
224,boneal67@goodreads.com,iD7`/wU>,tjime67
225,dgladdolph68@bluehost.com,wZ7.{%1Jt\|lyR?,mbodega68
226,ibugden69@nps.gov,"eK6""+bcMk_/Rp`&(",kcaccavella69
227,fdory6a@discovery.com,"nN2%cCDlZ,j",eoflannery6a
228,dcoulthart6b@umich.edu,"qL6%A!\gV,G1_",nfairhead6b
229,bolivo6c@psu.edu,nP8@6'p3`&,rskones6c
230,mdriver6d@zdnet.com,jS8=M89.f=reDi4*,ktwelve6d
231,amcginly6e@sourceforge.net,pB3'6%MI=d,aslader6e
232,izannolli6f@sitemeter.com,pX7*$Up@_/t+h4,sroggeman6f
233,bcorradino6g@delicious.com,wD8}C#eA,eserjeant6g
234,ebeevis6h@stumbleupon.com,kG1+0}ZZg#|z,mthurlow6h
235,alewty6i@fotki.com,iY5<'f(M=XdTJO,everrillo6i
236,egabites6j@engadget.com,iK1|G?v\Xv',asizzey6j
237,mkibel6k@gov.uk,mW1.)3{K,lgodber6k
238,bvonderdell6l@mapquest.com,"nV4}dY'9_y92k""",khowitt6l
239,jlewsam6m@photobucket.com,hI2!D)(|v9,jcounter6m
240,egoodlip6n@examiner.com,bH1}DI0~b+.OO,astoffels6n
241,ggarnul6o@telegraph.co.uk,hN1&>TCE,bbudgey6o
242,nyitzhak6p@123-reg.co.uk,gU2{8Vi*Q,cgiorgietto6p
243,jredwood6q@yahoo.co.jp,qD9{g.i+tjb7<,rhaylock6q
244,dmcconigal6r@cnn.com,"aP1%""T""7'ZNuzq,",mhelkin6r
245,blarking6s@i2i.jp,jB0+kpO||M>R\I,bmaffulli6s
246,krendell6t@163.com,jT8`o86C%KTUG,lholleran6t
247,plascell6u@plala.or.jp,sE0?{QDI+>m(MD|x,dkendrick6u
248,krosellini6v@theglobeandmail.com,hV8'#\?RukolSg=,nduchant6v
249,kvernham6w@tamu.edu,uQ7=8N&k1,cclair6w
250,dmulqueen6x@tmall.com,"pA0=""XzA0",cpeebles6x
251,cfilippov6y@cmu.edu,fW0'*3}<r_$`XWs?,rchiommienti6y
252,kobradane6z@freewebs.com,rV3<K7yC,fstangel6z
253,cdinjes70@t.co,"jF4\p%KNx""S",tdebeauchemp70
254,pfennell71@virginia.edu,kF0=\jN`+b9Tcb8,plapree71
255,rhaswell72@bing.com,bN6?`\PWGD,gcoonan72
256,gmacwhirter73@sourceforge.net,iN0_aJljYz_<%L(f,sruspine73
257,chamlett74@comcast.net,"sW7%A&*h""q8~3Yg",llanfranconi74
258,jgook75@ocn.ne.jp,nW1'B.?ooP),cbosden75
259,rderoeck76@skype.com,"fC5}""a63NQeP5",ckenwood76
260,efogg77@sfgate.com,kR6<JWlfu6`>S,hvalde77
261,hheakins78@e-recht24.de,"hR6,@tKKm5R",mwither78
262,cfranzman79@feedburner.com,yV3<l/tS,skarslake79
263,tnoad7a@ehow.com,"aS8+""jU>XdE",cdraysay7a
264,pmayhew7b@weather.com,"cX7\E4`Q|,AKQM",lsymon7b
265,fkighly7c@time.com,"hG1){}_c60fGK,",lhenlon7c
266,umichelotti7d@webs.com,xD5=*fq|7<h!@.XR,evala7d
267,bsaulter7e@1und1.de,dA9_8tDkG4j$znh,tspeares7e
268,sbeardall7f@ted.com,wB2#~gwP5Cd,omeconi7f
269,bgallie7g@auda.org.au,"vW9<(qF(W#\LB#c,",sfeldmann7g
270,breynoollds7h@ftc.gov,cN2#W$qn`a3y>K,llawty7h
271,aplayfoot7i@ezinearticles.com,lY6{VgCe#}2,afallawe7i
272,kgosdin7j@xrea.com,uO1+xf}jq,afairnington7j
273,chexham7k@weibo.com,aW1.G*B6W/UNQz0,tcunney7k
274,mcoo7l@webs.com,gL8@0MLq/|r~,ademattei7l
275,lcoldbreath7m@drupal.org,"bU9/y>_,gn~UB_PI",agheerhaert7m
276,alashbrook7n@ft.com,aI3~t}9#,dridder7n
277,bhammarberg7o@wired.com,pL8\|is+T`8~A,mfernez7o
278,lmacneice7p@army.mil,cZ0$M#jN,iskudder7p
279,mblazevic7q@123-reg.co.uk,vV8)6NC'4v$5M$P,bbroadhead7q
280,jtynnan7r@ovh.net,eE2_<.$SV,dbrownfield7r
281,bstallon7s@cornell.edu,yG7&wa&SIvvwLzZ&,bjacquemet7s
282,fantonietti7t@altervista.org,"eQ4""Y>*""YNLI&O/O",smurdie7t
283,vrallin7u@webmd.com,qQ8((B?ts>Jdn+,adulanty7u
284,tfairall7v@acquirethisname.com,pF7|a!}!q>*9_*~,byeowell7v
285,oshanley7w@marketwatch.com,qB7{<+o19Yu,sszubert7w
286,sjeacop7x@narod.ru,eU6_pYW'2o,pzincke7x
287,gpetzolt7y@topsy.com,cV2*{wC}@<EJ$W,ylawday7y
288,jmackro7z@taobao.com,uH7\`b3J)4j8v,dmartinson7z
289,tboulger80@technorati.com,"pL5#B`0`""ooz'%",nkreutzer80
290,sdipple81@fotki.com,yY2)bD/'~~t2~Ipd,lcoppo81
291,nmacgebenay82@ustream.tv,"wS2*iG<858,sds",rsnaith82
292,epetche83@eventbrite.com,yI9!q07@RpAq,kgergler83
293,abonick84@skyrock.com,fE0\a=NQbMpA,etivolier84
294,tyakhin85@digg.com,fH8==7$zheR,dscafe85
295,cgoude86@gnu.org,tM0?U@vFjp?h\,cbonhomme86
296,frobbings87@whitehouse.gov,sE0@Vg?0}I$Vo*,mschonfelder87
297,gleaman88@stanford.edu,sK8\iN3bIKB,eslafford88
298,cmarusic89@auda.org.au,sO1?D5'1'dTG%mx_,lquerrard89
299,ktrickey8a@ucoz.com,sX1=4WA+p|M9d,drule8a
300,gsimmings8b@baidu.com,tG7%?#5Y,aquakley8b
301,jnias8c@unc.edu,gD3|d.A&,sshimwall8c
302,msoro8d@google.com.hk,lZ6(2gR~x,akloss8d
303,lblanpein8e@examiner.com,kK0_H}HN%xP$FOW,dsibley8e
304,tmarshall8f@opera.com,uX6\V>a5q3y}Y),eovery8f
305,hrizzello8g@gnu.org,lI1@)O.$)U',mbampfield8g
306,sbreeds8h@eventbrite.com,wS8*@#28~ttq=8\D,hmacmichael8h
307,pcorradetti8i@ft.com,aW6/=Op+i,pclementet8i
308,treasce8j@istockphoto.com,cP8$%>2i8Wr3,ggajownik8j
309,lriseborough8k@nytimes.com,"bR3,PD|C""lAK(",creidshaw8k
310,rshingler8l@army.mil,tW7.Dy`RJU1'oY,irodolfi8l
311,sphilippeaux8m@cisco.com,lB2.i1hnwt7e,wlegat8m
312,pclacson8n@alexa.com,"iV6{*EF,",ejerrand8n
313,cwrates8o@seattletimes.com,gT1>k?d|1yv7L}hX,bwatters8o
314,ndedomenico8p@exblog.jp,"eG6)NzG""",hkitchingham8p
315,cmallya8q@oaic.gov.au,"hH2,Jsn1y6",fscraggs8q
316,mlefleming8r@furl.net,fP6$w0%<QBS,wdaoust8r
317,sphilo8s@aboutads.info,zM6<rW|m{,egallen8s
318,rharsant8t@php.net,"wK3*""h`L&r%",frelton8t
319,lromagosa8u@who.int,"tR3<+.u""!o{2.g'_",jbroadbury8u
320,lmursell8v@netscape.com,pO2(F`s.8eeI,pstaten8v
321,jaddis8w@webnode.com,nK3(0X~U=L3Lg?,jpilgram8w
322,bdows8x@npr.org,cC4/!NGlj#,rmabee8x
323,mdunsford8y@hugedomains.com,"zO6""g#hz&",dcutting8y
324,fsargint8z@admin.ch,lU3&a=DHv$&25,jmcgerr8z
325,pwhitehead90@flavors.me,nF6'Nz.@<o_bQ,eugolotti90
326,vblaschke91@wunderground.com,rR3/(sLJ0,omacandie91
327,aliddiard92@illinois.edu,"nE6{I<y""5>~5q",olintill92
328,kglide93@mail.ru,uT1@7C2DOe,vyeates93
329,cfontell94@dmoz.org,yL9<dU0w~c)jL,cfairlie94
330,lflett95@businesswire.com,pX1!80IQJ8m`UQj,psjollema95
331,ltailby96@stanford.edu,"hT6$Fa""QR&7|Bzu""",tball96
332,stregido97@qq.com,vD5~f{QTl|9OGRed,nmoulder97
333,jtreske98@unicef.org,"sC2!&RlA,zsJ",fgeertsen98
334,cnehlsen99@archive.org,lX1?vqz#hH,tdiggins99
335,tpitson9a@mac.com,sG9*rNbA|t,aspawforth9a
336,gnisen9b@huffingtonpost.com,"gH9>,T.<%L>",tblackaby9b
337,rjedrzaszkiewicz9c@studiopress.com,sZ3`@'g42t6,shaszard9c
338,feglington9d@toplist.cz,fJ1!G4Iq/8!A,dpinnijar9d
339,gnott9e@naver.com,hX4.j9sbr=,cidiens9e
340,bcaseborne9f@ovh.net,"fP5>Y~$0rb@sME""W",jgerrey9f
341,kleyband9g@bandcamp.com,cB6)aIXun!R4,gcellier9g
342,ldobeson9h@princeton.edu,"cE3""Bi`p~h",ghatterslay9h
343,atozer9i@pinterest.com,oE3#{G`k,mapfelmann9i
344,cpiff9j@jigsy.com,iM0{EYhevX>fm@A,tpilpovic9j
345,tyelden9k@scientificamerican.com,gD1$.*nqQi.OfGs,lcawkwell9k
346,rdowthwaite9l@constantcontact.com,hC7{$+?SRm3$,rwalkington9l
347,hstiller9m@bizjournals.com,jA7%g'BwaV,rpawsey9m
348,gbaiden9n@princeton.edu,bQ6.+~3S87j!3d+,sblunden9n
349,mpunton9o@jalbum.net,"sJ7*,6AQUf$qrJ`V",rmarcinkus9o
350,rholburn9p@skyrock.com,tS2'Rf4PH?u=Mg9G,dcosgry9p
351,channaway9q@tmall.com,"yP7#glVUC~'""@j",apiggin9q
352,nrodnight9r@oaic.gov.au,lH0#x.#A6f,dciccotti9r
353,ncinderey9s@technorati.com,"zH0)24!,nx%d",bstapforth9s
354,oavrasin9t@tmall.com,"eW5,SosHvn>BPW7}",rmcadam9t
355,pmcalroy9u@wisc.edu,wE8}`IGg}NJe6wAf,atuminelli9u
356,ahobgen9v@prlog.org,"cN4*Vfstk4,3<?",jscarlan9v
357,rdebernardi9w@csmonitor.com,cW2?J)'Am,maubert9w
358,cbroke9x@twitter.com,"mR8""o{W?`R/3{x<",mwatting9x
359,jyglesia9y@virginia.edu,"oW5)}Pj/""_ob",thacun9y
360,amarians9z@digg.com,"uC9,s?d&fpX,=",gcommins9z
361,sbrehauta0@nsw.gov.au,tW9~%TdXxr*m},jedgcumbea0
362,hpardia1@sciencedaily.com,zD6!Vr}c,dsurplissa1
363,svalentima2@twitter.com,qA8?5R*%ysgdaFrB,ffrankissa2
364,mrubinowicza3@miibeian.gov.cn,pQ1%Sw5E,bduiguida3
365,ntabbitta4@eepurl.com,"dN9""wPHtvL",mmuffetta4
366,fskechleya5@utexas.edu,"dP0""v<I)L|l0g",rbleia5
367,smattisa6@mit.edu,"cE7(Bq$bz""Bq1",ziacopinia6
368,tbawlesa7@webnode.com,"dX7\+uFF!I""\~|",rfitcheta7
369,tglyssannea8@pbs.org,bD4!<nT}Y?,pivesa8
370,ddampiera9@bravesites.com,rX3$2M`2~_3,adawidowicza9
371,galbionaa@netlog.com,"tC0""yQ!`sKwZ`+Z",dpatingtonaa
372,eollcottab@dell.com,dA5!Q>cuaPsW?,opuckinghorneab
373,alukasikac@taobao.com,pJ2?&pKF_2T%o,eaishfordac
374,kmacgiffinad@blog.com,pL2&Nz)`)lm4,jbuttad
375,ditchinghamae@vk.com,tM2`gw</},gdovestonae
376,qsteptoweaf@canalblog.com,xM1?156m,ikimbleaf
377,hgarmentag@nymag.com,"vG1)a""@2wx{67X",nbonomeag
378,arablah@photobucket.com,wQ7{|S5\{,rweatherbyah
379,gsebringai@webnode.com,xQ6<c`wwUa,lcastanaresai
380,kbagwellaj@miibeian.gov.cn,jQ7~8v?d,ehenburyaj
381,msuttleak@amazonaws.com,oX0+fIn#,mreyneak
382,ksteptoweal@digg.com,iU4\h+&NL6My#D,ttownsal
383,adrackfordam@github.io,kH3#TWs5|(P,alocheam
384,cmatelaitisan@economist.com,rE2$Gd5{\2liS,tdayleyan
385,cbarnfatherao@shareasale.com,wO7$9v_CVUcJLR`R,bgarnsonao
386,rauklandap@google.co.jp,oZ4~av4<,kbrendekeap
387,jbendtsenaq@harvard.edu,lL6~d(a4,kdooleraq
388,kbizzeyar@hatena.ne.jp,mK6%2K/X`,skornilyevar
389,bmontelas@geocities.jp,vN0.'POu?%r<XZRj,ojenningsas
390,gtwinbrowat@tripadvisor.com,lI1!)1K*|E2,hrijkeseisat
391,gsudddardau@salon.com,"uA1=,IyX",raltimasau
392,fmaddieav@domainmarket.com,kI7*|3oa,shenkenav
393,gjoyaw@google.ca,tX3.#$E$FHRLw,cclawsonaw
394,nbethellax@bloomberg.com,iW7&}k+h'!u&e7l,rseyax
395,msaphinay@google.pl,pI8&anAPGBt(C,nkilroway
396,stregunnahaz@boston.com,vO7|zb@5rz5h8qG&,agoardaz
397,sdubockb0@jalbum.net,pR3$>XO4ul'M`KVN,hbaackb0
398,tlissandrib1@nps.gov,yE2+>3os,igarciab1
399,msmithsb2@biglobe.ne.jp,aS5`Y0/Bb$.@<c,tevettsb2
400,ibittlestoneb3@weibo.com,yJ3)5o96,ggatissb3
401,mgarmanb4@quantcast.com,pC7<rGDxF6q&pB7,cdydeb4
402,ihardsonb5@simplemachines.org,"jV6,MV.}Q!Fr'<K&",craesideb5
403,teastmanb6@amazon.co.jp,eS9'%sMV'8u)+\b,mboseleyb6
404,hwieldb7@ucoz.ru,wA5+AqiW{EA@E#<!,lshilstoneb7
405,ewhylieb8@whitehouse.gov,yJ9#>vreM}G\y8)),jmasonb8
406,hblaydonb9@youtu.be,"yG5<E}X}""e$",jklugelb9
407,gbruceba@gmpg.org,sE0~Iw(fR2,btugmanba
408,ccaustickbb@taobao.com,jD0{SEWm}q>XhDh,rscapelhornbb
409,ecampsbc@tiny.cc,"tV9>*""QJ&""RE",hrapierbc
410,gollisbd@umn.edu,kY7{!`{a7Ag{raD,goxbd
411,trosewellbe@github.com,sI8#A+Li,mkennerknechtbe
412,tsubhanbf@ucoz.com,"aW1+E?e$>h5G""",bvasichevbf
413,bnaptinbg@narod.ru,yP2{S+QYE#)&@C,asegebrechtbg
414,ddyebh@histats.com,yN1+#FV>vE2!W>x),ayeskinbh
415,mtammadgebi@t-online.de,"nT6_""N3q=/l",carseybi
416,rstrodebj@webs.com,xZ7>NO}.T+K~,akehribj
417,rlyddybk@sun.com,"yD1,&bCk.8jvpD",emcgowranbk
418,kcappellbl@google.pl,"wR0,`4ma~j{",pvinebl
419,llabatbm@wsj.com,rA5<L9w~d,zbevissbm
420,bstorahbn@skyrock.com,gH0<gq)vRR6,jhenrotbn
421,kredbournbo@multiply.com,bP7\3`XNw?,smoncreifbo
422,edorrianbp@oaic.gov.au,"zE9""h~Ml",slerebp
423,jgrinvalbq@marriott.com,"gQ2<j~""m6'esrE",mlombardobq
424,mtumiltybr@i2i.jp,dD1#qHGjyqE?oU,alegricebr
425,lfrankisbs@aol.com,oV3/b}/n1,hbarhamsbs
426,sfellonbt@nature.com,eX9~4kDp=3&16,phalfordbt
427,bshelfordbu@vimeo.com,nH0*~I.icAKJhUNN,kmacpharlainbu
428,thruskabv@blogs.com,yN8&uz7@a?Q<},zlaxsonbv
429,adelythbw@github.com,kA1\k{n{WQU+vT,cyeardleybw
430,dstuckfordbx@sciencedaily.com,rX5+WTC$,khumblestonebx
431,gkiffinby@aol.com,bP3&2ZKW*LrRc`lz,rrenalsby
432,dgerreltbz@ovh.net,"pA8`,Gq)#3id",skemwallbz
433,delementc0@constantcontact.com,"eA8""|),wVr>?AX",hgrimsteadc0
434,asturgessc1@bloglovin.com,tH6{lz{JZ,nmccoolc1
435,tvanyushkinc2@cbc.ca,pK6#Qwpi%y9$M0sy,bwardsc2
436,bwarderc3@hp.com,yO9?75@'#4Tj,kumbersc3
437,mdeloozec4@dagondesign.com,yR5\*2c.,grobbekec4
438,brosencrantzc5@noaa.gov,"mQ9}V,i97CmIQiWn",iballancec5
439,ahousamc6@facebook.com,oW6{*ALh,tfeigec6
440,gmolfinoc7@cornell.edu,"mO5,ez`c$",wkeningtonc7
441,bgaskoinc8@360.cn,oO4~9ucVm/kC,lannesc8
442,kbrafertonc9@irs.gov,eC3/{)a&Cq~1I>,ksucklingc9
443,dglisonca@ox.ac.uk,lO4#xJw63kA8Jqe,pwrayca
444,molivicb@indiatimes.com,yO9?Es2t*r<,pketteridgecb
445,acranhamcc@yahoo.co.jp,"iK0,5ADPIu5",jgyercc
446,pgiacomellicd@va.gov,tL6`gg(|It~+PG+h,cstallioncd
447,csaurce@biglobe.ne.jp,"qN5,oWB%Q",blillywhitece
448,athoresbycf@edublogs.org,fG9#yfsZu%Kc+Y5,mduffitcf
449,tromainescg@howstuffworks.com,bW5(F`/QY*c,aagirrecg
450,dgautreych@photobucket.com,lP9<f9u#7yEC==,tseekingsch
451,acuttellci@deviantart.com,fL4.2TMMYK%LuL,kbettridgeci
452,tcurrorcj@tiny.cc,bH3|CTdfNI*S1,tlunecj
453,ethrustleck@list-manage.com,pV3$@oFY/H'|,apixtonck
454,asalandinocl@blinklist.com,cD6!VmLp~,alaingcl
455,rrichardssoncm@cafepress.com,aP5?Or=s`c,bfarquharsoncm
456,fbazellecn@ibm.com,jL1`d3st{,bchithamcn
457,jchalcraftco@goo.gl,kA2@<L}?/.q/Zd.e,kpickvanceco
458,klabrenzcp@miibeian.gov.cn,pS0@l7H?NF,cmacnucatorcp
459,krogancq@stanford.edu,gB4(P@xE|%|),jvelticq
460,rellinghamcr@wired.com,dR5@)@=7Ghrjl,hdaverscr
461,lyouteadcs@wikia.com,bY2)(T\C!wopo*,bsypluscs
462,rruminct@boston.com,fG3~+f>H&`bgAc,fneedct
463,ebrichamcu@home.pl,"uF2=9NNTkqS,SmO",kpurlecu
464,xjeevescv@wikipedia.org,uQ3)VT8c$01,gharnescv
465,ntremmelcw@narod.ru,gQ0=9%kl1{,elindelofcw
466,iamblercx@msu.edu,tL4&`gCCQx=,jmarcuscx
467,mllelwelncy@godaddy.com,"nK0<LD!_A""!m",mattwillcy
468,msneakercz@ustream.tv,oL4=$cI>,jhachecz
469,sjessond0@wikia.com,bN1#/b'#croqP,mdearingd0
470,sparryd1@hostgator.com,iP3'*EUyq6yx53A,aoxfordd1
471,djoysond2@plala.or.jp,eJ5|jV>6_,cbeechingd2
472,agrattand3@twitpic.com,lZ1$OJJ*!L.j2F8,sclutterbuckd3
473,lkingabyd4@hud.gov,pF0#U\&/?yAoK,atoyed4
474,dcrowd5@buzzfeed.com,sQ5_$#F59K(O,bschoenrockd5
475,sspaightd6@xing.com,wN3@{Tskl,nchambersd6
476,dlakemand7@dagondesign.com,yT0{k`(+6uL4!,bgutridged7
477,banselmd8@state.tx.us,jA2+(uogj,randrzejczakd8
478,ljahnsd9@cbslocal.com,kK6%04VCRH%mR,ndarringtond9
479,hainsworthda@amazon.de,xK8~{*h2R,ebacksda
480,jcrossthwaitedb@google.co.jp,"iI8<19""&C",ecahillanedb
481,dbouslerdc@cdc.gov,lY0>X2`=s,kbrownsteindc
482,rbeagendd@pinterest.com,lW3)c/6gK'+DhH`,tdiddamsdd
483,mgeillierde@mapy.cz,oX6%94A77,bdosdillde
484,chardeydf@craigslist.org,hJ0?pZCki&fl`,ghoulddf
485,gebenezerdg@1688.com,hS4=?9H<,bpennellsdg
486,cuzzelldh@amazon.com,"oB8""vdgZd<U$<Bf",mtowndh
487,zgouldendi@nbcnews.com,"rO8""FE\A7UKt6",ckempsterdi
488,bricsondj@issuu.com,"xP2{""zcL_7Y`j?&",ndonalsondj
489,apetzolddk@yahoo.co.jp,kX1>&_/**Dyr),cbohmandk
490,cwrigglesworthdl@constantcontact.com,iI8&xW\E8,vohederscolldl
491,iabbetdm@blogtalkradio.com,"cH0""LI@3",froelofsdm
492,scartandn@wordpress.org,xF6>RXg<O0,hrabsondn
493,lsimnettdo@sogou.com,iJ2=CqR&,odominicido
494,bcoonandp@google.com,tU1'oqR9_>,ktankarddp
495,cgregsdq@ask.com,oN6/nWu#gaf8gf,scornillotdq
496,rmccuedr@symantec.com,mX0\N~lmLg,tgascardr
497,sbeamishds@vistaprint.com,aF4@MhK._l,bcaulierds
498,bvobesdt@ucoz.com,vR9?S'0n1{,gockwelldt
499,cshawdu@japanpost.jp,"rI6)Ss,*8N<b",scopcotedu
500,sreschkedv@ed.gov,"hN2""#%No{u_",ehurworthdv
501,eoulddw@mayoclinic.com,zS5\x69kY,imcteaguedw
502,fbrunrothdx@webnode.com,qE4/X71/,pflippendx
503,mjendrysdy@diigo.com,"eX9,~UTcvK8_)z",ehaycroftdy
504,cseacombedz@mozilla.com,gP9!'jENBYy1P,alanddz
505,epeacheye0@cdc.gov,"fX5""wdWIXl)>5JO",mhadlowe0
506,sburnhamse1@barnesandnoble.com,gB7`D3K+Gl4F=&,mjanowskie1
507,rfetherstonhaughe2@addtoany.com,qT1.O~)&?8%TV<D,sricardoue2
508,mmathoue3@godaddy.com,hF5/l2QV(>>F3V,pmathyse3
509,lhiddye4@state.tx.us,rH1@p2>whea)4t,nleonardse4
510,amansuere5@about.com,eM6*AX=p,ybangse5
511,gosheae6@twitter.com,yZ5`o$1a#ukNL{,abrettelle6
512,ohiscockse7@live.com,bX1@qnoqGPR%C7~,eharrelle7
513,csommerlede8@sogou.com,pJ7>CP#2,alempkee8
514,kkindreade9@miitbeian.gov.cn,"mQ6!Rci\D,3/LZWW",adarkotte9
515,jgrovesea@google.it,uK7&d<{@)XH<Wr2,jtruwertea
516,fatkineb@twitter.com,kE1(QM)+0,btalliseb
517,kansteadec@theatlantic.com,rE1}9f$q%$Y_,amallordec
518,mabeaued@so-net.ne.jp,jW9\g8Q(cZzQi,uhargeted
519,nwincklesee@eventbrite.com,wT6@.A#!T7P,lolivaee
520,mceelyef@earthlink.net,fZ7\RRMLr=P(uu,rmoormanef
521,tyushmanoveg@marketwatch.com,"yN9')53>ZqQq4y,",fpegdeneg
522,ifonteeh@smh.com.au,iU9.bY?e(.qbqP,smorecombeh
523,rabrahamsohnei@walmart.com,hO0#cP\A(jyK?z,gbagnallei
524,lstroulgerej@sfgate.com,uJ8>o$$/nCA`zqsc,rchiommientiej
525,nswannackek@mashable.com,qR6}>eCB4N,mlusherek
526,vclewarthel@ustream.tv,"xE2&*uN""{Ai",mcardewel
527,dtrevenuem@nymag.com,rX2/TbXUzQATxp&,mgroomeem
528,saikinen@psu.edu,lB3=vr5Obi!,lvanveldenen
529,ggaliaeo@earthlink.net,"kJ2./""}Iv",jthursbyeo
530,fhrishanokep@ovh.net,yT0_n=U6>piXl,lhinchcliffeep
531,mtaysbileq@wikimedia.org,wM4`94!5,lgilveareq
532,ukilmurryer@com.com,"rB0&,+ed#3,",cferrieroier
533,jperringtones@toplist.cz,gR3`uSNZDWrr,kgarhames
534,nweddupet@miitbeian.gov.cn,jE3.z)x}y8E,pcoshet
535,lrichemondeu@behance.net,xR4#Y&?3,jcolchetteu
536,nmunningev@csmonitor.com,"oC9|4D*cXOa8Co,",mmillyardev
537,bgarrattleyew@pbs.org,eY3~.{g)B>+gc7\,bmcaneew
538,lbalentyneex@clickbank.net,cI5\9D6@ZWG3,fwaitonex
539,jdallyney@reference.com,mM6)7rR7re,hjudeey
540,sglancyez@icio.us,zO1`.d!306c0,gnormanvillez
541,srichinf0@123-reg.co.uk,vM1)D9H?gP+%z=c,apiddlef0
542,emcvaughf1@craigslist.org,nY9*~q0E2SujD,apleassf1
543,geverleyf2@utexas.edu,fD9#zc5Ov%X`,scausonf2
544,lhuikerbyf3@mashable.com,"pC7""0=d@`./r",khumfreyf3
545,ajanosf4@marriott.com,"sI5""%m""q",gringf4
546,hdwightf5@google.co.jp,"iQ8&.rHP,@'8",gboltf5
547,nmcomishf6@joomla.org,qF6$X|$G,mfergief6
548,dloryf7@blogspot.com,sD2%x<u+,hdebenedettif7
549,cguerrif8@nytimes.com,wV4)OPkR/1Yd,eallotf8
550,rruiltonf9@google.com.hk,oP0_lKSHcGp,mkildahlf9
551,collarenshawfa@buzzfeed.com,"lT1""e_/6|7",lhovefa
552,mantoniewiczfb@cdc.gov,"xW2""YD~jk>",rgoldhawkfb
553,abelchamfc@columbia.edu,dW0#P4TF=v_v%F,aolletfc
554,wgossingtonfd@prlog.org,yP0.Nk{5o,ccreswellfd
555,kmcminnfe@nyu.edu,fA3$058K.T>rb!h,chorsellfe
556,esmeallff@vinaora.com,kA5#(t\'4$_9K,mclissettff
557,ffullunfg@amazon.de,gO4!@V$@5nE24zS,vdoncasterfg
558,acrocketfh@jalbum.net,fC0>eqFn\2,fwhitehairfh
559,mdebrettfi@icq.com,mJ0?06F(Sa+aru#7,dmaharryfi
560,icamblingfj@scribd.com,lS4.q3lC?6Q|~%,lbrunottifj
561,kcannamfk@psu.edu,pQ2>WJPC?k\&I*u9,cmclauchlinfk
562,rfreefl@naver.com,rM6'pu&Nas0Z,talejandrofl
563,amunslowfm@spiegel.de,uZ5{0{fS,lperigoefm
564,apietersmafn@hibu.com,uH0+Q*RZNi,lhaworthfn
565,jferrierifo@google.ru,xS8*ZjBR,chollerinfo
566,gsandeyfp@dailymail.co.uk,mR7!(prKtn#.,stwinbournefp
567,beddisforthfq@networkadvertising.org,"bG2&B#k\_D""ut3ku",dtyrrellfq
568,vcleminshawfr@furl.net,dZ7`a/$.rPk,wpilmerfr
569,agallaharfs@wordpress.org,uH5}4E0+`v@,bibarrafs
570,amaccaullft@marriott.com,"oB3?RxS,|4`a|A",zsharkeyft
571,hpowisfu@dailymail.co.uk,rA7'R_xS\f,sreedyhoughfu
572,dposthillfv@pagesperso-orange.fr,"dY0>ha,o`",mperrynfv
573,freevefw@wp.com,pV9=d#l0+T&,pbordmanfw
574,fadamczykfx@pbs.org,mA8=(@bG%lAQ,jgonnardfx
575,aloselfy@themeforest.net,yF6((W)mI@ohC}7M,ghancellfy
576,aboundfz@examiner.com,yM3+.lp7Lm,cdeambrosisfz
577,bfatharlyg0@nytimes.com,xW8#S5DG|7?EV+&,cclendeningg0
578,ahaddlestong1@si.edu,"eQ4?hi~q65U""",mmccumeskyg1
579,jrudlandg2@mlb.com,vM4/Jc!r,jsapseedg2
580,bandreoneg3@harvard.edu,gH6&okj7,eemanuelig3
581,sbinnyg4@bbb.org,"cY4}Zv""C~`",jmorog4
582,dwinnettg5@psu.edu,kE1|_Iz7H'Ftal,klambrechtg5
583,jkitherg6@comsenz.com,lG3?B{<QL`o0,jsutherdeng6
584,sburgoing7@redcross.org,aN8@cSb$F*?+{w3s,jtiemang7
585,ffutcherg8@uol.com.br,mE1)s@t*X),ftasselg8
586,tolomang9@seesaa.net,uZ7%(mwY`P,akitherg9
587,mbartholomewga@cbslocal.com,tD5`x!E*`,rholtonga
588,jspurdengb@discuz.net,mA3<FirHT|,imatthiesongb
589,mservantgc@sakura.ne.jp,qL5~xh#aV?=,wjeandotgc
590,lgianottigd@issuu.com,oL5_2B%%oH,beaklygd
591,aarnallge@about.me,lW9`qD%cZcHH,fnolange
592,ablackabygf@newsvine.com,sC1#W!gy,bshillingfordgf
593,dcarolangg@tiny.cc,yT6=Q)a4l\,sscottgg
594,ccutridgegh@mysql.com,oZ1(NRyj?A,eblundangh
595,credihoughgi@ted.com,vQ6)Z7Qu0UW>3J,kkohtlergi
596,rlowygj@jiathis.com,"eB2*9""0Nn0W",pmaginngj
597,twithullgk@ed.gov,uE0$Hzpzof,ctuplinggk
598,wcleegl@ameblo.jp,"kE5#M@""m",cbeazleygl
599,glaurensongm@ft.com,gB8'b|Me_hR50,ltestogm
600,hniezengn@ucla.edu,"pA3|zQe%""CzYE",spottlegn
601,ajowettgo@phoca.cz,dG4+__gv_j#FfBAe,bgustusgo
602,kfeatherstonehaughgp@google.pl,uA2(B3!fD1bYL{D%,adowninggp
603,tmclartygq@ed.gov,fK3<B`lZ)zpH>W.,oquirkgq
604,gmcardlegr@microsoft.com,eL7&F}bTx,ztissiergr
605,awaszkiewiczgs@bloglovin.com,fH7)_e)ksZwm,sdrinangs
606,mwillougheygt@java.com,"mW9,K*cl{LBA}j",hjedrzaszkiewiczgt
607,ebowcockgu@icq.com,pV3#nbq{z,fdeemgu
608,bneavegv@jalbum.net,iG8)8y4AP,ucordygv
609,ccranngw@php.net,gA1>R(0j'dMR',pgoveygw
610,llangwadegx@lulu.com,aE5>Fu9a$,sgianelligx
611,kbutengy@howstuffworks.com,"zT1`gWK0x,p,>""sG",tsweetengy
612,jlehrgz@boston.com,mY3_cD|&}#E,lcallejagz
613,rmontillah0@aboutads.info,yI1{%w<Te7vX{2\j,ggossageh0
614,troxburghh1@yolasite.com,"aK4""""{JjbOPv1lgW",mharrowayh1
615,lreubenh2@example.com,jX3~I?DsUQ@u,sbroadbearh2
616,lfalconarh3@constantcontact.com,gJ0*C&H'2PgQB1,amccormickh3
617,mlillgardh4@guardian.co.uk,"mO4,&h(P@HiPtMJ=",lorteauh4
618,dwhaplingtonh5@t-online.de,bH4~_BRcRX!0)',jlubmanh5
619,rkellyh6@phpbb.com,jC3`*X/(e,zholwellh6
620,mmurrhaupth7@ocn.ne.jp,zB4&5GrM5d,rgittoseh7
621,cspencerh8@thetimes.co.uk,"rC0<ot""giU%RBw",jgittingh8
622,phewinsh9@tumblr.com,mQ0@hb*eAHv&Mii$,bchamh9
623,tstanionha@walmart.com,eI1?U!WfUj$mM5i3,cblondelleha
624,hbahiahb@elegantthemes.com,dL5{t8UwQ'%cr,huphamhb
625,sebleinhc@ucoz.com,kM6~_3J6'4agl,rlitelhc
626,efruddhd@1und1.de,mU0!|.mx,avannozziihd
627,bkirbyhe@artisteer.com,aS2)r@|qU)c,dlancetterhe
628,gblaschkehf@prlog.org,cA1_iwxviPP,mhughillhf
629,fparkhg@netlog.com,gO1>zV\t,nsmyehg
630,jholberryhh@va.gov,fO3)R'_0@xP`Urs4,glatimerhh
631,nmcquirterhi@purevolume.com,wZ9(J=g%),mprendevillehi
632,cbremeyerhj@princeton.edu,zF1`px'0de|}n,jcobainhj
633,cdiboldihk@spotify.com,bT4|*#~tzQ/,lbencehk
634,vsmeathhl@chicagotribune.com,rJ9.tk#*27~3,jcarushl
635,bstaddonhm@myspace.com,dR3>7m/cd1S8,elefeaverhm
636,kwallinghn@taobao.com,mV6'xBXJtq8o>+j*,bwillhn
637,roscannillho@whitehouse.gov,jQ9@v8b?C*zkY,cgergoletho
638,pswatridgehp@blogtalkradio.com,gD5.M'3wxJB,bclarahp
639,miansonhq@nymag.com,"oQ6(OX,|')",tplowmanhq
640,tburretthr@ihg.com,uV9*iWFo&P,fmiskinhr
641,fgeldefordhs@nbcnews.com,eL8+D|KeeWX=#,tmckeggiehs
642,ddmtrovicht@disqus.com,aB3#x/.)9K<,fhowsinht
643,rcleynaerthu@apple.com,"bZ9)*,q,9",rybarrahu
644,khaselwoodhv@netscape.com,"cA9|9aG,z!f",kscutterhv
645,mferrarellohw@addtoany.com,iB1*HUN$WDn!p*<,spharoahhw
646,hschofflerhx@macromedia.com,"dW6,!oPUg",dsaichhx
647,jtannhy@apache.org,aX4`N*Pku1),lkeanhy
648,gtolchardehz@oakley.com,eH7@<Rctx=,pvanzonhz
649,jgilchriesti0@huffingtonpost.com,cU7)Vm@Qw7J=l0\,brushburyi0
650,rmullochi1@plala.or.jp,rZ7#6t|QK)\{,sbrahmeri1
651,ledwickeri2@blog.com,oO2\H4miK*Y,umaddicksi2
652,hchaveyi3@list-manage.com,aE7`tXQ0dsZh/N,btoweyi3
653,adugmorei4@parallels.com,sI5>+u=9|Bg,karchleyi4
654,glittletoni5@adobe.com,mT4_<GK%AYA*5,rbradiei5
655,cdoggi6@eepurl.com,"zX2|@K,c'`{6",rporcheri6
656,mwratteni7@netscape.com,eD1)`nLN<Xt+d!,kfurmengeri7
657,cmcnellisi8@economist.com,eR6\AVt?>#4L#qym,sjoslandi8
658,tvigneroni9@bloomberg.com,zQ1&8f`f9L_H(5,osteedi9
659,jnassauia@fema.gov,jC1@<m>3>IY4!G,kigoeia
660,smullyib@state.gov,"yO2,HjQE@LG",eborlessib
661,hdeftieic@feedburner.com,nC6!kvM\a|X,mraspinic
662,kswanborrowid@examiner.com,hJ4*/npvV'_sD3,jaustinid
663,fwoodrooffeie@nationalgeographic.com,oY9~#{%9Y?x,mseniourie
664,vfluxif@discovery.com,aZ2&$$DKpPEyNa,mbushellif
665,dgossageig@people.com.cn,nR4#Wv9j,mpashlerig
666,gitscowicsih@wunderground.com,lK9'mXR}EYSc,scapenerih
667,dappletonii@i2i.jp,"sN8*BQyw,ojI",iphillcoxii
668,gwickenij@wikia.com,lB2?Y4LdfA,jmcgreilij
669,gluxfordik@ebay.com,zM8%uc6V,rantosik
670,fdakeil@tamu.edu,rO6|rj`fqt0,epanniersil
671,apendleburyim@dion.ne.jp,fY7?h}Etr+%fUO,fbegginiim
672,abrayfordin@people.com.cn,vC1<jKQcY`Mc4C,jchinnickin
673,bhudelio@forbes.com,aH5|({)Fimia1u,spershouseio
674,hspranklingip@icq.com,mB5/$Uv=.,bmillichapip
675,adoggartiq@usa.gov,sR0?!6PJQi'Sg/,amcgonagleiq
676,ecorpesir@4shared.com,mY3&lHl)J|,cyesenevir
677,jfisbeyis@java.com,rH3\\b%YLZ,nbeazleighis
678,eorderit@chronoengine.com,bT6/`c2f,ccarlsonit
679,zbunyaniu@fda.gov,fR7~+BRNo,cmenichelliiu
680,adaniauiv@goodreads.com,rT4@0PcmE,sselveyiv
681,kzanussiiiw@netvibes.com,mT1?d>t3IqzA5,jgussieiw
682,lgludorix@angelfire.com,jF1&`uD(RGa?+Y,gyanshinix
683,lshimmaniy@dedecms.com,kX6*}7i06@Vgbd,kconigsbyiy
684,mcrudgeiz@toplist.cz,eI4)pONlLI7'`p,aquyeiz
685,ttailourj0@amazon.co.jp,xF5/q'r$`3QW0ey0,mdambrosioj0
686,hpossej1@ted.com,"dH3+R,Em+X>&+",fkassidyj1
687,bmoricanj2@ifeng.com,iQ8.n!sBK&,kgyfordj2
688,cdobbinj3@dropbox.com,jQ4~q8g1meo=f,rcroalj3
689,agrimsleyj4@whitehouse.gov,qL2?TTYos6FMV9&,spiercyj4
690,kzamboninij5@home.pl,zL9*N4)9J`Ich,gvalentettij5
691,wroistonej6@blinklist.com,aP5&3DrAfoW<P,sinderwickj6
692,msouthwellj7@alexa.com,gM3(W9?Fb,ddumbltonj7
693,ccartmellj8@usgs.gov,nX8*Of0j,rschechterj8
694,cvowelsj9@prweb.com,tT2`qx%a$Y,gemenyj9
695,mmcclureja@phoca.cz,nG1>uVpw,zfoleyja
696,srigbyejb@webmd.com,xP1<(a<CIFxg,llemaitrejb
697,pjuschkajc@whitehouse.gov,uA0?VeWp3|f~,churnjc
698,mashurstjd@google.co.uk,"bU8',""B8'4Ni/",gconaghyjd
699,svitteje@google.co.uk,yA7@he}F5hU,cogdahlje
700,ghuggonjf@mapquest.com,"dZ6#?TVBrJ&,x*9",dquineyjf
701,sgrasonjg@yale.edu,"uF2,RVvcdw$",ctetfordjg
702,rcoathupjh@domainmarket.com,qF9.Wrr\=<n%,maylettjh
703,bwatkissji@dell.com,rS3|o3!vobP`9,etreffryji
704,rcloverjj@google.com.au,yW6!ws=(*,jthomsenjj
705,gdauberjk@usgs.gov,"hZ4,<=""9<tyP?",gmurrthumjk
706,crintouljl@reverbnation.com,"fP5&,u8ojT",scallisterjl
707,tegginsonjm@clickbank.net,"eV7?(91rV,h\PBO\",ggoldneyjm
708,hhabgoodjn@businesswire.com,dL6)&BK&W.$,csherwenjn
709,rsurphlissjo@ucsd.edu,xW1~eWMX?2~,nsudlowjo
710,sgulstonjp@soundcloud.com,kY8_+Ei*MLmn_+,cmoiseyjp
711,olearnedjq@newyorker.com,gQ0@\LJB4WB2,gsparryjq
712,bsamplesjr@yolasite.com,"vA4<TzR>)awru`4,",csobeyjr
713,chuberyjs@tripadvisor.com,gJ0/QC\@pM9qm*z,jmacadamjs
714,ebrusbyjt@mail.ru,rM3~bTw2,ttiltjt
715,mschrievesju@pcworld.com,fH4?t'>2,wgumaryju
716,bverdonjv@ca.gov,hF4+ZEOnZ%,aebertzjv
717,dovertonjw@seattletimes.com,wN1_Si\{X6C|*nq,lguisejw
718,kkildeajx@seattletimes.com,oV2>T/Y~P(,khallettjx
719,fferroneljy@last.fm,"hC8,})ALFa",kchalfainjy
720,tnoblesjz@themeforest.net,"pA1{W9""b",pmcchruiterjz
721,deastopk0@biglobe.ne.jp,"iZ8+s$5/,w(Tg<Sq",lliddallk0
722,ccorkk1@kickstarter.com,uF9<7\+IjLt1|,sthomsenk1
723,avanek2@tuttocitta.it,gN2>)2xy`/,dbillingsk2
724,gmorfettk3@mediafire.com,dC7.``Xpa%I,jbarracloughk3
725,csattink4@taobao.com,"hG2`A_Wbkg(g>}""",jdomengetk4
726,knoyesk5@tuttocitta.it,hB3.$BCP9,bpendockk5
727,mgreenstockk6@wsj.com,uS7.H32$8+!,arodolfik6
728,pbridgewaterk7@seesaa.net,"zB1""}""*C6bp.",irichink7
729,dlyndk8@vkontakte.ru,zG7?SD<9RJ#9H~,tguiettk8
730,skleinpeltzk9@guardian.co.uk,"lS2,TU|aq6s",atunnacliffek9
731,tsimmigka@qq.com,yL1.~`|>,vblewka
732,vurquhartkb@php.net,lB3~$n@`At,ssemmenskb
733,afretwellkc@gov.uk,tM9+KSVqtYeCBgO_,brosenstengelkc
734,tleerekd@japanpost.jp,mB7`iF0s|mf*cC3,nrummerykd
735,bespinhake@purevolume.com,"iR2*7r&xG""eRXO0",jbettonke
736,apowerskf@free.fr,nX4`_x#PKl,bgouldenkf
737,etebbekg@nsw.gov.au,zZ4&`mFS}RXj9p,dsquibbskg
738,ndupoykh@blinklist.com,eD6$*#*oIcN,jbassetkh
739,gdungeki@washington.edu,uU6{RK6QH},italbotki
740,adrancekj@squarespace.com,xA4_!}2k!$(d,hblacklykj
741,nmarcamkk@phoca.cz,gK7\qY#}9K%,dsalzbergerkk
742,zthrushkl@army.mil,tT8.*1oIA,sfidellikl
743,jklimkowskikm@merriam-webster.com,"tU2""ONvAFMq",ncrushkm
744,bhugettkn@biblegateway.com,"hK0,21LG{<<#A7Ui",tharmerkn
745,bmcureko@slate.com,"iP7~""cx&89$%",ndealeyko
746,mtamskp@yahoo.co.jp,"iF2.OY>""@)~5ODqa",dkoppeckkp
747,bmcallasterkq@deviantart.com,"uG0),&$1_",cframptonkq
748,smorralleekr@ning.com,qL0%52sW,kflanaghankr
749,bvanichkovks@japanpost.jp,jD7{MQ\y,hcorbynks
750,obrozkt@ca.gov,kM8&(j=X|x0BX>,kbrognotkt
751,jalbistonku@google.ru,bC4}tv.6V,jlyndeku
752,asunderlandkv@wikimedia.org,mG9*x$ql%a!DVud,wgriersonkv
753,gfowlekw@bandcamp.com,hH9#Sao?v!h($<y,cbrownseakw
754,hnorringtonkx@engadget.com,uR9>6M`/hw/)',rzamboninikx
755,aodooghaineky@amazon.co.jp,wE8*Sl*SI)Tp,agreenstockky
756,epregelkz@goodreads.com,iO0<7qn<QZ&,tduffettkz
757,vpeyrol0@list-manage.com,eB4_gYC|BQRoP6xf,cmaeerl0
758,mdedaml1@chronoengine.com,wD8%#UhlH.,ttitmusl1
759,ijugginsl2@mysql.com,jO3$nOlH_)a,hlayel2
760,mbrodheadl3@altervista.org,wA0~i#V?QVX,hpeetl3
761,mgawthropl4@ocn.ne.jp,vP3+ydR'dx6/,pbradanel4
762,gaddekinl5@arstechnica.com,wO8.IR'BV9rw}V,nmauserl5
763,spyottl6@google.de,oZ1?8ShqTWdP_k,eblackeslandl6
764,ycawdronl7@uol.com.br,xE4>L88NTCQ,csoall7
765,mswainsburyl8@kickstarter.com,kW2'9*vlA~p/>={,wwayonl8
766,sskeldonl9@hhs.gov,"yU2_A,Vm*70""'",bsporel9
767,folinla@buzzfeed.com,"uE6,h61'r",orapinettla
768,emayheadlb@apache.org,bK0|HL6?!js|O<nv,spieruccilb
769,ssandifordlc@rambler.ru,dP7>Kly'J*Oj,smilhamlc
770,hredmileld@buzzfeed.com,nD2`_v/Cv,skestianld
771,jmaddernle@ucsd.edu,kB8$MY/An&p!@o}p,gfewellle
772,astemsonlf@narod.ru,"nJ5)_,E<R6s",jpitcocklf
773,ccristofvaolg@ft.com,pI8=05>`KxSNGN0,ffarlhamlg
774,mgarritleylh@marketwatch.com,sA9#$oJs7W1,schalcroftlh
775,pgambieli@nhs.uk,tK5.|3_yw(Mj/{,cgiacopettili
776,rlefranklj@dedecms.com,"nE7+""Xcu#CbOvTDl",wdomenicilj
777,gabbattlk@nyu.edu,fW5{I+b!VK,pstrutherslk
778,etillell@slideshare.net,cU2$OK<YTnl,gmannaghll
779,pboggonlm@nydailynews.com,"wE4""lxnQTx",bantoniaslm
780,lwreifordln@youtube.com,vD9)1t1uR,gdelayglesiasln
781,arichardinlo@usatoday.com,"tX8/7T4T0\bS""Dv",lmarrianlo
782,fforresterlp@ezinearticles.com,cN2\<x<f,bdundinlp
783,rtodeolq@shareasale.com,aF6<reDSlxkXuj,nducroelq
784,idanherlr@stanford.edu,aY6+kl\b5',rbettlr
785,ainksterls@behance.net,gK1+On6KAx>ng`E,bkitchersidels
786,gspittallt@latimes.com,dN4{IOW*69+x~kFj,awalteringlt
787,gsneesbielu@hubpages.com,"rV0?x\uxt@""",msaerlu
788,ophillislv@odnoklassniki.ru,aZ3/lcMmIV,wweltonlv
789,klanneylw@yelp.com,tD4'c}AJ(ts,rboheylw
790,sdamatolx@psu.edu,mA0(itOZO@dF,cmcginglx
791,smassinghamly@google.it,sR8#GzwI,pkynvinly
792,tshellidaylz@domainmarket.com,kP8&.YL~U@WVYjk,rpeckittlz
793,dbaptistm0@123-reg.co.uk,kO8/74oz!iPa(P,falcoranm0
794,hragglesm1@salon.com,uF4@5P|A*,lwarrem1
795,fwetheraldm2@opensource.org,kM5>kW<h,bbuchananm2
796,sbenneyworthm3@discuz.net,rO0\vAdO/r@/.!,zmoringm3
797,cdawkinsm4@nymag.com,jT2/.Q@.F9o~O,tlympanym4
798,bravenhillm5@jigsy.com,xI0'VS@I{V9,apembridgem5
799,jstentonm6@cisco.com,fC6_.MgU/f,amurricanesm6
800,bmccuthaism7@ibm.com,vK9!&.?=p}q7%K4,cyardym7
801,kwinfredm8@bbb.org,lC3({TP.N,msmootem8
802,tlacelettm9@telegraph.co.uk,rR8%2#F&IDUDr(y,cwakehamm9
803,agoriolima@amazon.co.uk,iP2/Ri0f2)CcV,grustedgema
804,msimonninmb@gravatar.com,dZ8#'cR~,jnortheastmb
805,amacenellymc@addtoany.com,zO4+!~tGVS!6I.V+,kmckewmc
806,cnuttermd@csmonitor.com,rC3`(9GrQ,khassonmd
807,znickolsme@ehow.com,jH3*66o.dh{D9,lshemiltme
808,dgaremf@etsy.com,hG1/VQbK5g5V,jheinertmf
809,bhaithmg@europa.eu,iE0%)'x&,zgrishankovmg
810,snevittmh@google.fr,nD9!C4|vJ,gtorettamh
811,dkullmannmi@flavors.me,"tV9,&/U'#TT",bgreenheadmi
812,gfrostickmj@mediafire.com,nJ7'\hTvoU,oludmannmj
813,dkroutmk@squidoo.com,gA5)'3CR+/7`XRGc,ssonscheinmk
814,bplunkettml@artisteer.com,tK8='&EM42ECU0,ahockellml
815,blethlaymm@census.gov,iF0|32ZRPAq,gstazikermm
816,dsergeauntmn@dion.ne.jp,aI8/(m(##FAm,tkeunekemn
817,aspeendenmo@mtv.com,"tC1!2W,g+",ckeetsmo
818,mpatisemp@aol.com,"vW0(c!8A,|K",ssaysemp
819,lgammidgemq@huffingtonpost.com,aG3>_G5G/rI<(p,bdarlingmq
820,debhardtmr@qq.com,aK4#iTxgI/\sej,gsharplemr
821,rfriendms@goo.ne.jp,mN5#43'#$,vricholdms
822,lbugbymt@t-online.de,"rC1{?=,)CaQ",bnorthmt
823,hlaurensmu@reverbnation.com,xD7=o)G1G&4Ov,okoenraadmu
824,rtampinmv@google.com.au,"dE0=sn""!I$o",rglazebrookmv
825,gshuttlemw@earthlink.net,eS8=H7)S8{|ld,fcotmoremw
826,cwhitwammx@simplemachines.org,"sX4""ZG/*_omI",agowthorpemx
827,cmacdaidmy@squidoo.com,hK9$=$_liCXy3R,jseabornemy
828,vmcsweeneymz@apache.org,zL4*$Nsj*,csiccombemz
829,dpettingalln0@mit.edu,eG9.#X|W*z7/FdA,ispriggingn0
830,geallisn1@sogou.com,uR0{i\oIsY,ddenshamn1
831,mgarralsn2@stumbleupon.com,vK8@9&jbr,chaynen2
832,ywongn3@sourceforge.net,iX1=rEVSihr{a|,mleiskn3
833,acarhartn4@umn.edu,gJ0(OzU9dpnQcP,wgedneyn4
834,lgerreltsn5@tiny.cc,qU4%VNH**,sbogaertn5
835,ngwythern6@vk.com,"vT7,zZTYnfR1v>.~",lantonichn6
836,afeighryn7@sourceforge.net,xA7=a_2Q0_#y4(,grooten7
837,yprayern8@cloudflare.com,"tZ7_IKQ,H",nfelsteadn8
838,ecritzenn9@godaddy.com,zV3_{5/9,jdyden9
839,rblaxleyna@ocn.ne.jp,wF5/F_<|!\0qKZa,ndevereuxna
840,irabbetnb@constantcontact.com,sY4=NhPB,glitchfieldnb
841,btwitteync@apache.org,"mP4.VfbQI,gOw",kaldrittnc
842,mcraufurdnd@godaddy.com,cE6.swqtD4!In$b,kklossnd
843,sglazerne@tumblr.com,yW3>)bH2'sw8@(1,wcapstackne
844,mjanneynf@house.gov,bK1'e2<%7W,ailyinskinf
845,sthorneng@sfgate.com,"dG6<bqg9,MI6T",ssammonng
846,bwabynh@indiegogo.com,"lW6""Bu#$Fo",danneslienh
847,mfarnhamni@myspace.com,tT2@JJxy\hi,kpledgeni
848,dannandalenj@washington.edu,"hW4,)5Pt",wgerleitnj
849,sullyottnk@ucoz.ru,oQ8{5ndeg),relwellnk
850,ebrayshaynl@ehow.com,"xD5~Q0w.""{uv",riannittinl
851,ctoalnm@t-online.de,cT5|yFTIPs86,mroantreenm
852,ctollidaynn@furl.net,vC6%@3Q3T7,rthoraldnn
853,bcitrineno@delicious.com,"tK5)04rkm""B93)",fculverno
854,ostubbsnp@artisteer.com,hI2<u!_?XJ4=zZL,agrigorinp
855,sgriptonnq@pinterest.com,pO5/0Qo)ygjqLbe1,bkelemennq
856,anavaronr@indiatimes.com,hM3!sZ{@pAl,sgooddynr
857,jthunnercliffns@squidoo.com,"oZ2""!S95l(o<`Q",gbrinklowns
858,lkirimaant@nyu.edu,aA3(#QRE509&,dpipworthnt
859,gocheltreenu@ucoz.com,lL2#>mQPvwfe&{T,cwalenu
860,pswadlennv@themeforest.net,jC1=#E+>!PHzp!,aportingalenv
861,mtidmarshnw@digg.com,aR7=V6@oR/5m_F,ibassanonw
862,atinglenx@marketwatch.com,jX5`5ILH'oDj,gguyersnx
863,lgorettiny@quantcast.com,nB5=Qb1z_XeA|7t.,lnorthny
864,mvoulsnz@msu.edu,uM0{r'I1WM,mpeckettnz
865,mfewstero0@japanpost.jp,uR5)l5i(W,otunnowo0
866,dcaldeyrouxo1@tinyurl.com,aL4?~Tjt5AAd?,ajeeveso1
867,lyeardleyo2@cbslocal.com,jX1<$P'VSHAI,hbinfordo2
868,sgrundero3@chronoengine.com,"jH2(m""u57`O<n8E",jbaudessono3
869,fredshawo4@dailymotion.com,fT2)f>Mr+V\8Kvoc,isumptono4
870,wmurrumo5@mapquest.com,wT2?<&.wbD*eN,cyearno5
871,jhambricko6@so-net.ne.jp,tR2!Pcks3qt9avy,bdobelo6
872,ecamseyo7@dot.gov,"lL1&""r6&yY<X!K",mquicko7
873,dgarrono8@smugmug.com,uK1%Fy8<NZ,llawfordo8
874,horsio9@yahoo.co.jp,"hW1*e""ghGu'X",kcauldfieldo9
875,jgrutoa@dyndns.org,fB0\zWNzR,hikinsoa
876,ochapellob@merriam-webster.com,dD2|Laixjv,cziemsenob
877,hleffekoc@meetup.com,zB4~`eNm,tlinehamoc
878,hlatorreod@ustream.tv,fD6&}xoR.VfRW,kbaudainsod
879,lraglessoe@hc360.com,"hK7,&3,zOl",kleroyoe
880,iberginof@telegraph.co.uk,dX7(3s!0,rlascellof
881,pcristoforoog@wix.com,aY9.~\8}/WNP,cpeachog
882,nbickerstethoh@cnbc.com,dZ4~*>tIowq`!tDH,hlesleyoh
883,bbothamoi@oakley.com,xL3&=M2Mgd,gkingabyoi
884,molivetooj@ebay.com,oS8@hJH_!L,sthornbarrowoj
885,scanlandok@instagram.com,vK6}/$}~G#,goscolleeok
886,stillotol@ning.com,tL9?vT1QdQ,rdrinkhillol
887,oinnettom@tripod.com,zK9$*C}_,rclasheom
888,agrzegoreckion@privacy.gov.au,"wV4,57GyNtKHQyS",irosenkrancon
889,bdeplacidooo@nba.com,fX1?_t3VIB@e4ei,ekitheroo
890,jrowledgeop@bloglines.com,"rA5\1>@L'ZT(q""",tguirardinop
891,gnarracottoq@arizona.edu,wM9>7P_}hN/Iim,rcaulwelloq
892,hrickardesor@walmart.com,vB0~*e'`{'h85`WX,mmacbeyor
893,oheelisos@economist.com,"hH8=al/'$vk!),yk",hparrinos
894,mleckieot@aol.com,iW1({X#7~=,cmarjoramot
895,bgruszeckiou@msn.com,jW5~C`xU7E#,dwindhamou
896,phauseov@paypal.com,kS7`CjJhu,adowbekinov
897,wnassiow@t-online.de,bY9>Fg@h,dmicheauow
898,tdulwitchox@columbia.edu,cO5=EgyN1\`,cwraightox
899,aipplettoy@histats.com,dB5|orb6*,ssanzoy
900,zsouthcottoz@i2i.jp,lJ9)FxVffs\2L',adurbynoz
901,medgintonp0@delicious.com,fG9%%I'`$o1=Tc\,rcunradip0
902,njoskap1@usda.gov,mB9%@(2{N\JinV(H,gblaxleyp1
903,mmattessenp2@t-online.de,yG4(FL/r,efaulop2
904,dpeagrimp3@eepurl.com,aK3(i@a2$?h&\9bF,amuellerp3
905,shaineyp4@1und1.de,zF8@fOL0p.%8,dromanetp4
906,kdanisp5@google.com.hk,"qK8""@uCY5",btwelvetreesp5
907,mdheninp6@clickbank.net,"oL6""ZEaCj`d",aaspinalp6
908,kganforthp7@hexun.com,aA6}079e,nandreopolosp7
909,cleetp8@plala.or.jp,kW2.p{gPy_Hq_,wyankinp8
910,jmattusevichp9@google.ru,"aF7*hI(.l,_5pS",scowperp9
911,jprattinpa@yolasite.com,bU8!zJjl#!Wj\v'!,kstanlockpa
912,cmacypb@upenn.edu,sX2'h03%`hmxz,umcnamarapb
913,ahaslockepc@timesonline.co.uk,"pY7""v6qA,g",rgallenpc
914,elodevickpd@nih.gov,"aL0\""~'<G",jyurevichpd
915,kfranssenipe@hugedomains.com,kD2__i*H{W,itrangmarpe
916,hloyndonpf@nationalgeographic.com,eX9?m@bXQ52Pn>gS,dgreavespf
917,vjakucewiczpg@omniture.com,uX7{I@0>=e+LD=G,scolbeckpg
918,gessbergerph@bloomberg.com,"vY3+cM5!""",solivetoph
919,ncoitepi@aol.com,iL3*K6Q_@s8,aboyanpi
920,pclamptonpj@domainmarket.com,"sI1=1bnrB33mKy,",cblagburnpj
921,cpickthornpk@washington.edu,"gB8,\&Gp(.WJ*",rgallepk
922,talbertipl@sciencedirect.com,xE7(5wp5M=e&,drasellespl
923,fdailepm@parallels.com,"gE5*+""|?|/\(RSt&",eantoneypm
924,mollerenshawpn@tinyurl.com,fN1~KF7~fTf,jgaymerpn
925,rbalazspo@cnn.com,dF6$|e*fkItS>j>,rswindlepo
926,aduquesnaypp@washingtonpost.com,xB8/(Hy'S,dwissbeypp
927,rnervalpq@mediafire.com,aH1(Ev~jXI\bV,spashleypq
928,ningamellspr@shareasale.com,"eB0_FC""?YiJ+t)&7",tduchampr
929,abiglinps@unesco.org,sK0.5`vTNH(yAvG(,dchampeps
930,fpynnpt@list-manage.com,vK7\$?w$L6aIPx,whesspt
931,xstaterfieldpu@multiply.com,"bR1?""GxzC,#",vfoxpu
932,gmelvillepv@creativecommons.org,"hQ1""iM({O%Z.v0%",sandrysiakpv
933,mbrownriggpw@blog.com,eW1@3&5a),jaddispw
934,malelsandrovichpx@abc.net.au,pR7.sjTv6`,adeambrosipx
935,vcashellpy@prnewswire.com,lI9$~L!oE`jA_,dscarletpy
936,edemetzpz@cdbaby.com,"wN6,<.zbIp",tmalcolmsonpz
937,tskainq0@prlog.org,jR6<s)a?uJK.4f,apeacherq0
938,dimessonq1@bbb.org,sT4|uBHdeaXtm,mdeantoniq1
939,eburkeq2@woothemes.com,yG1\#3YseEh!bc,wsignq2
940,nshrievesq3@baidu.com,eC9<W8Q>LJ0e,lwillingaleq3
941,cmontagueq4@histats.com,cZ1_Lwi1YDIB,syeomanq4
942,creadingsq5@quantcast.com,"zV6)}c~j`3|z,{U~",ksouthwardq5
943,gmorenoq6@auda.org.au,zT9>86AFK/j,vchessq6
944,dlettleyq7@wunderground.com,bR7)%/!bkGmM,cmuncasterq7
945,vmcconachieq8@lycos.com,uD9%9)?j1UE,dtremlettq8
946,hsideryq9@ezinearticles.com,iP2!&680ED!,nzannotelliq9
947,rgallehockqa@bbb.org,hR8$aYk\t,ajumelqa
948,pellettqb@bigcartel.com,eQ4?oYZ`yh,gbeadnallqb
949,ninchboardqc@ftc.gov,dB8#C=>4VGl+Q,tbardeyqc
950,sstemsonqd@123-reg.co.uk,eL3&6YPi,rleaningqd
951,mdulanyqe@wikimedia.org,bH5~|`2+#,mtrumanqe
952,etellenbrokerqf@gravatar.com,tG8.dfzA!k/p4,cbaffinqf
953,arapiqg@bbb.org,zO6+|vX/{C,adranfieldqg
954,skeddieqh@yahoo.com,fT6}tY(Vwkx$>I<,phakonssonqh
955,cvaudqi@simplemachines.org,oD0..QQauP)*sS(H,akeuntjeqi
956,jgiamittiqj@github.com,yM7?!qBbR@,bmurfillqj
957,bbeldonqk@japanpost.jp,qS6(ku{u,braspinqk
958,tgwalterql@pen.io,"mG0"",KAb2GV#ECCd",odangerfieldql
959,dhalfhideqm@accuweather.com,sT6'4kLYT#*FH,sioanqm
960,tgormallyqn@statcounter.com,jP0~GoFBawH5,ibenzqn
961,nhebblewaiteqo@ustream.tv,"uL8/_f""a*n`2A",ksellsqo
962,esharmanqp@yahoo.co.jp,rY1*$w0eRwY$I32,emechemqp
963,ngregonqq@goo.gl,eH1>E(|8y,dthurstonqq
964,mroebuckqr@xinhuanet.com,kG5%Oz(%#Au=Oo,sclemersonqr
965,bclewqs@mac.com,"rD5#T=}2i,m=xq1r",bartharsqs
966,uhowettqt@csmonitor.com,kI6{t4I$QJk,eogusqt
967,doliviqu@google.ca,"vG0~8`StP,\x$|?K",mskillandersqu
968,hcrokeqv@privacy.gov.au,aX8>1nbPMNOB,aswannackqv
969,otwintermanqw@sogou.com,jC8/!#T?<u>f4ME,amathieuqw
970,gmeindlqx@wufoo.com,dG0~\`+&/4$6WM,mgrubbqx
971,gorisqy@hibu.com,hY9?(3$x8<,wavramovichqy
972,rhorcheqz@home.pl,"jV1$,=BV>",lbenesqz
973,cbillionr0@jiathis.com,jF1\V)vC=nf,egowthorper0
974,mmalyr1@mediafire.com,wC2<TY7rcaQ8,crasorr1
975,fpleacer2@homestead.com,tC6%q8h}JA)cS'M6,awhytemanr2
976,mswannickr3@tuttocitta.it,bR1%HWv`+6c,cdurnallr3
977,edeinertr4@wikipedia.org,vO3@)8a%,sallonr4
978,wgeryr5@ft.com,mE0#1#x2>YJ)Guo*,cusmarr5
979,wservisr6@cnet.com,"xO5~'Y}""Mj""`?*",slaidlawr6
980,khorderr7@webmd.com,eU0)jdpV0J#,cluckwellr7
981,dgoeffr8@nhs.uk,aL5%U@qxNgO,celverstonr8
982,noshevlinr9@tripod.com,dL5$C4UKwYUY,strightonr9
983,znorgatera@unicef.org,"mH7#12f,&",erawlsra
984,ncotterelrb@narod.ru,iQ8.yf_n,cpresnailrb
985,fandreyrc@marketwatch.com,mK5>txebouw=0Py,aorwinrc
986,bhannenrd@about.me,nP3?i!NXQD!az,wcunclifferd
987,hguynemerre@nifty.com,hO4|/I'x)yn,kbangerre
988,jkleinbererrf@ifeng.com,dY5.e}&h~Nd$$MB,cgrabertrf
989,rsomerscalesrg@theatlantic.com,oW6~a5G3FK{1,lkirvinrg
990,atuplingrh@phoca.cz,rX4}s*?+le}3|R,dbernhardtrh
991,tmorettori@deliciousdays.com,kA6(N3M(aoTfa9(,labbettri
992,etysallrj@abc.net.au,lR7*\*!14,kthrelkeldrj
993,phooferk@cnet.com,fM2$v_nOePo,oreadrk
994,fboothmanrl@facebook.com,"lA9$A(#,L5<+",nbolandrl
995,kshriverm@cdbaby.com,uW9\AF9bg{.q',clabrumrm
996,gguinnanern@ameblo.jp,xV6>A|'}n,orenaultrn
997,jsodoro@free.fr,qY1}lSl.~.l2d,ealfordro
998,pklavesrp@newsvine.com,hF6*S!kI!>,buddenrp
999,mbelliardrq@google.ru,"fL9@FXJaOm8Er""1",olukesrq
1000,mbromerr@goodreads.com,zA6#@<VhAJo$1.o,bfarnsworthrr
